tracking_id,num_points,bbox_area,point_density,avg_segment_distance,num_stops,street_length_total,intersection_count,street_density_km,edge_density_km,circuity_avg,intersection_density_km,node_density_km
59,72,0.0018134390676605488,39681.68525649823,104.0938263415007,72,1294.0415581489676,15,360.5477036972314,721.0954073944625,1.0130292631233164,4.179321383769568,5.851049937277395
65,154,0.006207145440582454,24806.11987491575,103.03963168769458,154,15229.619805373926,63,878.6786088206383,1721.0508123372867,1.0427200564871055,3.634808554850924,4.557934537035286
78,237,0.046257169980108766,5123.419281435282,153.7827227560113,237,178054.57450876728,482,2284.233969223948,4550.9497795891,1.0949804834074814,6.1835017505362115,7.864080027134228
87,14,0.0020024027640971184,6988.110554149822,508.6022378300535,14,8474.94643842586,35,2627.008569799753,5173.0472022503245,1.0545838619293215,10.849071508712601,14.878726640520139
172,253,0.0008309761030661833,304095.27276996075,50.29053552445189,253,6552.387616229846,26,1869.2102266664901,3738.42045333298,1.0483762316360767,7.417062106178055,12.26667963714063
